Question,Answer,Answer_1,Answer_2,Answer_3,Answer_4,Answer_5,Answer_6
aqzry,房屋建筑所有权人,,,,,,
skssx,2023年3月1日,,,,,,
dcsgx,产业类城市更新,,,,,,
njxyc,5,,,,,,
gbmba,15,,,,,,
jgytd,国家,,,,,,
cyjmq,一年,,,,,,
synxw,原土地使用权出让合同约定的使用年限减去原土地使用者已经使用年限后的剩余年限,,,,,,
ysyxy,2个,,,,,,
tlxxs,《北京市政府核准的投资项目目录（2018年本）》,,,,,,
yzbay,属地,,,,,,
xsknw,备案,,,,,,
ynzdd,2018年,,,,,,
xwgzr,20个工作日；10个工作日,,,,,,
nqxjm,3,,,,,,
mjbdy,10000,,,,,,
dbdym,24米 ,,,,,,
dcnsx,0.5个工作日,,,,,,
dsbwz,北京市经济和信息化局网站,,,,,,
ddzzz,0.5个工作日,,,,,,
xjrgc,150；100,,,,,,
blsxw,4,,,,,,
qzhwg,30%；15% ,,,,,,
csmsq,5个工作日,,,,,,
fsdsf,12分,,,,,,
sjbsy,5,,,,,,
qcrsr,2022年1月1日，税务部门,,,,,,
syqds,汽车加油站,,,,,,
brdqx,对所有参与投标的企业实施统一的资质审核标准,,,,,,
mdssy,提升工程质量和建设品质,,,,,,
ynbzd,2021年,,,,,,
zjzwd,正常开放,,,,,,
qjbwg,应当开放,,,,,,
cyssj,7，15,,,,,,
gfyyw,XX项目经现场验收，存在停车设施数量少于规划批复停车泊位数量问题，验收不通过,,,,,,
gsyqw,包含BDB和PDF的压缩包，格式为RAR或者ZIP,,,,,,
sczpt,全程网办房建类项目以上都需要,,,,,,
jdpsy,以上都可以,,,,,,
ssnyn,2023年,,,,,,
zjsfa,6米,,,,,,
blwds,100%,,,,,,
mjxbb,市规划自然资源委各相关分局,,,,,,
xdtdz,管理实践.社会需求和改革要求,,,,,,
mrhcl,免于办理建设工程规划许可证,,,,,,
chyds,规划用地测量,,,,,,
xnxjd,以上都是,,,,,,
fqzbk,以上都是,,,,,,
jdyxy,14,,,,,,
nqdgy,当日,,,,,,
bljrs,公共排水管网运营单位,,,,,,
sytjs,管径50厘米及以下，接入管线长度200米及以内,,,,,,
sxbcg,2工作日 ,,,,,,
nwcgs,6个自然日,,,,,,
qsqhd,国家项目代码,,,,,,
sqhsl,“一表式”,,,,,,
gsjjs,15,,,,,,
fbsjs,2022年7月2日,,,,,,
xxcjd,投标人,,,,,,
hzbrd,评标，定标,,,,,,
dswxx,资格预审合格申请人,,,,,,
dswxx,所有投标人,,,,,,
xrhbl,与施工许可证合并办理，无需单独办理,,,,,,
ydcsj,5个工作日以内,,,,,,
sgxkz,告知变更,,,,,,
cxjsw,2,,,,,,
jggzr,5,,,,,,
yzzcd,县级以上地方人民政府住房和城乡建设主管部门,,,,,,
sbhgd,禁止,,,,,,
jsdwy,竣工验收后,,,,,,
gysbg,不得,,,,,,
sydtj,消防验收申请表、工程竣工验收报告、涉及消防的建设工程竣工图纸,,,,,,
cjslp,应当,,,,,,
gzxyb,一次性,,,,,,
mtycj,联合验收,,,,,,
tgmzs,应当,,,,,,
jxxfy,不予,,,,,,
cbhgd,应当,,,,,,
cjbap,应当,,,,,,
jxlcl,消防验收备案表、工程竣工验收报告、涉及消防的建设工程竣工图纸,,,,,,
qsljd,当场,,,,,,
blxfy,无需,,,,,,
aysbl,建设单位,,,,,,
gysba,15日,,,,,,
hjrbj,1日,,,,,,
ssfww,以上都是,,,,,,
wdbdx,装配式建筑,,,,,,
czpls,单体建筑室外地坪以上的主体结构、围护墙和内隔墙、装修和设备管线等采用预制部品部件及加分项的综合比例,,,,,,
zpsjz,技术条件特殊，不适宜实施,,,,,,
ydsjj,200,,,,,,
bknjl,,居住类城市更新,产业类城市更新,设施类城市更新,公共空间类城市更新,区域综合性城市更新,
rbxfh,,土地利用总体规划,城市规划,年度建设用地计划,,,
dfsbk,,国有土地使用权出让,国有土地租赁,国有土地使用权作价出资或者入股,,,
dzqds,,居住用地七十年,工业用地五十年,教育、科技、文化、卫生、体育用地五十年,商业、旅游、娱乐用地四十年,,
tqksx,,备案制,核准制,,,,
xzrzd,,防火,防汛,治安,卫生,,
xzzgb,,人民防空主管部门,住房城乡建设,,,,
hxksx,,房屋建筑工程的施工暂设,在集体土地上建设的为村镇服务的公共图书馆,社会投资的住宅项目,政府投资的幼儿园,,
jdtgh,,规划编制,规划实施,建筑更新,,,
sfzzz,,各区政府,经开区管委会,土地一级开发主体,,,
tsqsc,,市政基础设施工程,机要工程,政府投资的重大工程,重要民生项目,,
qfwds,,城市公益事业用地,国家重点扶持的水利项目用地,军事用地 ,,,
zdjbk,,城镇土地基准地价,农用地和集体建设用地基准地价,公共服务项目用地基准地价,,,
zyxtj,,文物本体无安全隐患，具备基本的开放服务条件，符合安防.消防的基本要求，能够保障人员安全和文物安全,文物建筑使用主体责任清晰，能够承担开放的各项工作，履行文物日常保养职责,文物价值载体认定清,,,
xbknx,,2018年3月18日以后，取得规划许可证件的社会投资类房屋建筑项目,2021年1月1日以后，取得规划许可证件的政府投资类房屋建筑项目,,,,
ygzjd,,灰线,正负零,结构封顶,竣工,,
jddnr,,规划许可证件的公示情况,单体建筑符合规划许可情况,项目建设用地和临时用地的腾退情况,代征用地的移交接收情况,施工暂设的建设和拆除情况,门楼牌设置情况
xfskz,,多测合一数据比对,施工图抽查,现场检查,,,
zsdyq,,单层跨度超过6米,二层以上,人员密集型场所,,,
xdwts,,社会,属地街道办事处,乡镇人民政府,有管辖权限的住房城乡建设等行业行政主管部门,,
sfzgz,,位于水土流失低风险区A区的生产建设项目,位于水土流失一般风险区B区、较高风险区C区或高风险区D区，征占地面积小于0.5公顷且土石方挖填总量小于1000立方米的生产建设项目,符合水土保持规划要求的以水土流失防治为主要目标的小流域治理、库滨带建设、造林绿化、高标准农田建设等项目,,,
dqxtd,,审批结果文号,项目代码,,,,
xshgk,,所有投标人的商务信息,评标专家姓名,评标报告,,,
zzmzb,,资格预审公告,招标公告,中标候选人公示,,,
jxgsb,,不良行为,良好行为,,,,
dczsy,,属国家明令淘汰或禁止使用的,超过安全技术标准或者制造厂家规定的使用年限的,经检验达不到安全技术标准规定的,没有完整安全技术档案的,没有齐全有效的安全保护装置的,
xnxwj,,《住宅质量保证书》,《住宅使用说明书》,,,,
xnynx,,安全耐久,健康舒适,生活便利,资源节约,环境宜居,
zcgdd,,财政激励政策,公积金贷款支持政策,绿色金融支持政策,信用加分政策,,
zwjfx,,自购新能源混凝土运输罐车,租用新能源混凝土运输罐车,自购新能源非道路移动机械,租用新能源非道路移动机械,,
dzbtx,,装配式建筑评价,健康建筑评价,,,,
xmjxj,,公共建筑节能绿色化改造,超低能耗建筑,AA级以上装配式建筑,高星级绿色建筑,,
zddzx,,财政激励政策,公积金贷款支持政策,绿色金融支持政策,信用加分政策,,
zcgdd,,财政激励政策,公积金贷款支持政策,绿色金融支持政策,信用加分政策,,
sgxkz,正确,,,,,,
ybgtd,正确,,,,,,
gfwpt,错误,,,,,,
slbzj,正确,,,,,,
gbmba,正确,,,,,,
rtcsq,正确,,,,,,
dsgdw,正确,,,,,,
sblsx,错误,,,,,,
dwdwt,正确,,,,,,
dxzxk,错误,,,,,,
kjxsb,错误,,,,,,
zsqcl,正确,,,,,,
ghxkz,正确,,,,,,
gggzr,正确,,,,,,
ghxkz,错误,,,,,,
xglgz,正确,,,,,,
kczzx,错误,,,,,,
fsjsc,正确,,,,,,
wzffy,错误,,,,,,
sxscc,正确,,,,,,
btysj,正确,,,,,,
jzbgz,正确,,,,,,
hysyj,正确,,,,,,
jsgjd,错误,,,,,,
dbljl,正确,,,,,,
gdckt,正确,,,,,,
dcgpc,错误,,,,,,
bhgzh,错误,,,,,,
zjtxz,错误,,,,,,
ydwkf,错误,,,,,,
sjfsy,正确,,,,,,
fdbws,错误,,,,,,
shhsl,错误,,,,,,
zghys,正确,,,,,,
rwqyz,正确,,,,,,
qzhgz,正确,,,,,,
jsqkd,正确,,,,,,
gnxzd,正确,,,,,,
gnxzd,正确,,,,,,
hhyjd,正确,,,,,,
dgswj,错误,,,,,,
cztzr,错误,,,,,,
xshgk,错误,,,,,,
zzddw,错误,,,,,,
kjxxc,错误,,,,,,
ajxjs,错误,,,,,,
hxkhm,正确,,,,,,
wzcyc,正确,,,,,,
tygjk,正确,,,,,,
htsgc,正确,,,,,,
jzbbl,错误,,,,,,
xcgsj,正确,,,,,,
xchbg,正确,,,,,,
gdzqz,错误,,,,,,
bsqfy,正确,,,,,,
jybgg,正确,,,,,,
dyjyx,错误,,,,,,
jgdgn,正确,,,,,,
jzgcl,错误,,,,,,
mjcxx,正确,,,,,,
jyhts,错误,,,,,,
cjsyd,正确,,,,,,
hzxwt,正确,,,,,,
qydyj,错误,,,,,,
dmjgb,正确,,,,,,
fzrxx,正确,,,,,,
zwcpb,错误,,,,,,
szjjd,错误,,,,,,
zqzjx,正确,,,,,,
sqksm,正确,,,,,,
bryyz,正确,,,,,,
ygcjs,正确,,,,,,
xysfs,错误,,,,,,
sfzqm,正确,,,,,,
sfzqm,正确,,,,,,
dwyfw,,权责一致,质价相符,公平公开,市场调节价,,
ycxgz,,北京市住宅项目物业服务合规手册,,,,,
zfdmj,,招标计划,,,,,
jxgsb,,良好行为,,,,,
dzzdw,,定标,,,,,
rnsyd,,30,,,,,
mtzzy,,10,,,,,
gynks,,3,,,,,
yslsj,,二星级,,,,,
yshss,2024年3月1日起实施。,,,,,,
fzqdz,7项。,,,,,,
jzdst,共七章61条。,,,,,,
xggrw,全面推行非现场监管、实行“无事不扰”企业清单试点、全面应用“一码检查”、推动实现“同标同查”。,,,,,,
ddxfw,"老旧楼宇主要指安全、节能、设施设备、空间等设计标准较低或运行存在问题，不能满足现行标准相关要求和运营需求的楼宇。根据我市社会经济发展特点和工作要求，现阶段主要包括两类：第一类是1980年以前建成且未进行抗震鉴定与加固，或其他存在建筑安全隐患且未进行鉴定与加固；第二类是2005年前建成且未进行节能改造，或连续两年用能超过标准约束值百分之八十。
低效楼宇主要指由各区动态认定的对本区国民经济和社会发展综合贡献率较低的楼宇。",,,,,,
bzsds,易地建设费的收费标准为每建筑平方米1640元。,,,,,,
yrhqd,二等人员掩蔽所的抗力等级按以下执行：当工程建设在首都功能核心区（东城区、西城区）、中心城区（朝阳区、海淀区、丰台区、石景山区）时，抗力等级不低于甲6级；当建设在除以上区域外的其它区域时，抗力等级不低于甲6级。但当结合各级学校（含托幼）、城市综合医院、区级医院或专科医院项目建设时，不再按区域划分，抗力等级均为甲5级。,,,,,,
fbssy,5个环节，即“一表受理--施工许可--工程质量安全监督检查--联合验收--不动产登记”。,,,,,,
fwssy,根据《<北京市古树名木保护管理条例>实施办法》，古树名木应当以树冠垂直投影之外五米为界划定保护范围。,,,,,,
yqssy,按照《北京市大树移植技术规程》、《树木移植操作规范》，确保树木移植成活。,,,,,,
flfgs,《城市绿化条例》、《北京市绿化条例》、《北京市古树名木保护管理条例》及其实施办法。,,,,,,
xsyyz,应遵循公开、公平、公正和诚实信用的原则,,,,,,
ktdqx,经市文物局组织北京市考古研究院现场调查核实后认为存在地下遗存的可能性极低的，在建设单位签订《地下文物保护承诺书》后，符合下列条件之一的场地，不再于建设工程开工前组织开展考古勘探工作:a、地上原有建筑物的地下部分已经将文化层全部破坏;b、地形条件特殊的区域，坡度大于45度的山地等；c、地下文物埋藏区以外，旧城之内建设项目总用地面积不足一万平方米或者旧城之外建设项目总用地面积不足二万平方米;d、建设项目用地除去本题a选项、b选项规定的场地外，不满足《北京市地下文物保护管理办法》第九条规定的。,,,,,,
dszsy,建设工程全过程规划监督，是指规划自然资源主管部门对已取得规划许可的项目建设的合规性，自施工放线（灰线）开始，到项目通过规划验收为止，进行的清单制过程检查和最终成果确认。,,,,,,
zdssy,联合服务是指电力、燃气、热力、自来水、排水、通信、有线电视市政接入工程联合报装、联合踏勘、联动施工、协同验收、联动过户的“五联”服务。,,,,,,
zszsy,联合报装即是通过北京市投资项目在线审批监管平台的“市政公用报装一站式服务”平台或者市、区政务服务大厅综合窗口报装电力、燃气、热力、自来水、排水通信、有线电视中两种或两种以上市政申请。,,,,,,
qdzbr,评定分离。,,,,,,
xesds,工程投资额在100万元以下（含）或建筑面积在300平方米以下（含）的建筑工程，可以不申请办理施工许可证。,,,,,,
tjxsb,登录“北京市投资项目在线审批监管平台”进行申报。,,,,,,
zzzsm,只有电子证照。,,,,,,
blztm,可以。企业可登录在线审批监管平台，在“在办事项”中查询相关办理状态。,,,,,,
tjxsb,登录北京市投资项目在线审批监管平台，选择低风险工程“一站通”系统进行申报。,,,,,,
gxkzm,不可以。依据《关于明确社会投资工程建设项目审批工作要求的通知》（京规自发〔2022〕118号）规定，上述情形需办理规划手续。,,,,,,
fwssy,试点小型建设项目是指适用社会投资低风险且总建筑面积不大于5000平方米、建筑高度不大于24米、地下建筑面积不大于2000平方米且开挖深度不大于3米，需办理建筑工程施工许可证的新建、改扩建房屋建筑项目。,,,,,,
sgxkz,建设单位、施工单位和建设规模发生变更应重新申领施工许可证。,,,,,,
ysjkg,建设单位应当自领取施工许可证之日起3个月内开工。因故不能开工的，应当在期满前向发证机关申请延期。,,,,,,
yyqjc,延期以两次为限，每次不超过三个月。,,,,,,
bawjm,2018年10月15日起我市取消建设项目施工合同备案，办理建筑工程施工许可也不再提交此项文件。,,,,,,
nrssy,对取得施工许可证后条件发生变化、延期开工、中止施工等行为以及建设单位在申报施工许可手续时所承诺事项的落实情况。,,,,,,
cxmgl,本市行政区域内地上建筑面积不大于1万平方米，建筑高度不大于24米，功能单一、技术要求简单的社会投资新建、改扩建项目及内部装修项目（地下空间开发项目和人员密集场所除外），适用于社会投资简易低风险工程项目管理。,,,,,,
xmynx,不改变主体结构且不改变房屋用途的内部装修项目。,,,,,,
hxkzm,不需要。,,,,,,
yrhcl,应对该项目施工许可手续进行核验。,,,,,,
qjdjc,1次。,,,,,,
wjssy,《北京市房屋建筑和市政基础设施工程竣工联合验收管理办法》（京建法〔2020〕10号）。,,,,,,
cxssy,上次验收不通过15日内重新申请的，对于已通过的验收事项，只要企业承诺期间资料和实体均无变化，可不再进行申报和验收；上次验收不通过15日后重新申请的，办理程序与首次申请联合验收程序相同。,,,,,,
fbynx,"根据项目的具体实际情况，项目不同验收部门和事项不同，最多有以下：
住房城乡建设主管部门：负责工程竣工验收监督、消防验收、房产测绘成果审核；
规划自然资源主管部门：负责建设工程项目规划验收、城建档案验收；
人防主管部门：负责人防工程竣工验收监督；
档案行政管理部门：负责监督和指导政府固定资产投资的重大建设项目档案验收；
交通主管部门：负责配套停车设施验收。",,,,,,
qlhys,建设工程已完工，建设单位组织工程竣工验收或自查全部合格后，5个工作日内提交联合验收申请。,,,,,,
knxnr,一是企业自主选择验收形式，企业根据自身意愿选择采用联合验收或单独验收形式；二是企业自主选择验收事项，选择联合验收形式的，推行验收事项“5+X菜单式”服务方式，由企业根据工程建设验收阶段情况和意愿，合理搭配验收事项，实行“整体联合”或者“部分联合+专项验收”。,,,,,,
hysbm,联合验收事项有工程竣工验收监督、消防验收或消防验收备案两项，验收部门为住房城乡建设部门。,,,,,,
fbsdc,自联合验收申请受理之日起15日内，住房城乡建设主管部门与建设单位协商确定验收日期，现场验收时，低风险项目于1日内完成；一般风险项目应3日内完成；较大风险和重大风险项目于7日内完成。,,,,,,
jnxcl,各验收部门共用资料和各专项验收申报资料。根据项目的实际情况，上传涉及的材料，具体材料清单可以登录首都之窗竣工联合验收办事指南模块查看。,,,,,,
yjtzs,各验收部门的意见全部为“通过”的，联合验收即为通过，多验合一平台生成带联合验收电子印章的联合验收意见通知书，建设单位可通过北京市投资项目在线审批监管平台自行下载打印。,,,,,,
jgbam,通过联合验收的工程项目，不再办理工程竣工验收备案。,,,,,,
bmsbm,不需要。,,,,,,
blhys,不需要，联合验收内容中包含消防验收。,,,,,,
wqcwb,是全程网办。若企业携带资料线下申报，我们会帮助其转换为电子版材料，通过北京市投资项目在线审批监管平台完成申报。,,,,,,
ysyqb,项目范围、申报平台、申报流程、办理时间均不同，是两类完全不同的工程。,,,,,,
ztynx,区规划自然资源部门、区住房城乡（市）建设部门。,,,,,,
qjdjc,不需要。,,,,,,
qjdjc,一次。,,,,,,
cjsxm,不属于。,,,,,,
qlhys,通过简易低风险“一站通”系统申请。,,,,,,
gyshg,是。,,,,,,
cwsbl,是。保密工程除外。,,,,,,
gysba,否。,,,,,,
bqscl,不需要，不需要,,,,,,
rngtx,30,,,,,,
fzqds,出席债权人会议的同一表决组的债权人过半数同意重整计划草案，并且其所代表的债权额占该组债权总额的三分之二以上的，即该表决组通过重整计划草案。,,,,,,
ljfsx,无需,,,,,,
ljxcy,以上都是,,,,,,
fscwd,债务人进入破产程序后，债权人可以不申报债权而直 接选择起诉债务人。,,,,,,
rdqxy,,与案件当事人有其他关系，可能影响案件公正处理的,是案件当事人或者当事人近亲属的,与案件有直接利害关系,,,
xdyzy,,遵循法定程序,公正、公平地行使法律赋予的行政职权,以法律、法规、规章为依据,坚持处罚与教育相结,,
mdnry,,文物行政部门名称,当事人的违法行为，行政处罚依据（适用的法律、法 规、规章名称及具体条款）,具体处罚的内容、时间、地点，不服行政处罚决定申请行政复议或者提起行政诉讼的途径,,,
smmdy,,涉及商业秘密,涉及国家机密,涉及个人隐私,,,
qsfqr,,人民法院邀请调解组织开展先行调解的，向作出邀请的人民法院提出。,调解组织自行开展调解的， 向当事人住所地、标的物所在地、调解组织所在地的基层人民法院提出。,调解协议所涉纠纷应当由中级人民法院管辖的， 向相应的中级人民法院提出。,,,
kyxnx,,有仲裁协议（包括合同中的仲裁条款）,有具体的仲裁请求和事实、理由,属于仲裁的受理范围,,,
ynxnr,,选定的仲裁委员会,仲裁事项,请求仲裁的意思表示,,,
mxlsx,,当事人的姓名、性别、年龄、职业、工作单位和住所， 法人或者其他组织的名称、住所和法定代表人或者主要负责人的姓名、职务,仲裁请求和所根据的事实、理由,证据和证据来源、证人姓名和住所,,,
qcxcj,,没有仲裁协议的,裁决所根据的证据是伪造的,仲裁庭的组成或者仲裁的程序违反法定程序的,仲裁员在仲裁该案时有索贿受贿，徇私舞弊，枉法裁决行为的,,
knxxx,,章程,仲裁规则,发生裁决被法院裁定撤销或者不予执行、不予承认和执行的情况,财务审计报,,
qsszc,,依法应当由行政机关处理的行政纠纷,劳动关系纠纷,农业集体经济组织内部的农业承包合同纠纷,涉及人身关系的婚姻、收养、监护、扶养、继承等纠纷,,
ycxds,,争议金额100万元人民币的案件,争议金额500万元人民币的案件,,,,
bltjy,,线下办理北京市政务服务中心和各区政务服务中心,线上平台登录北京市政务服务中心工作门户,,,,
jdzly,,人民法院受理破产案件《民事裁定书》,人民法院指定管理人《决定书》,管理人授权委托书 ,经办人有效身份证,,
cblsx,,即时办结,特殊情况需延后出具核查信息结果的，不超过5个工作日,,,,
xzqqc,,其他供货商的欠款,工人工资,税款,,,
ynxql,,申报债权,对他人债权的异议权,对自己债权的异议权,破产财产分配权,,
sjxbj,,委托代理人参与表决,短信,网络投票,电子邮件,,
hnxtj,,被执行人为企业法人,被执行人或者有关被执行人的任何一个执行案件的申请执行人书面同意将执行案件移送破产审查,被执行人不能清偿到期债务，并且资产不足以清偿全部债务或者明显缺乏清偿能力,经被执行人二分之一以上的债权人明确同意,,
djxpj,,破产程序的监管质量,办理破产机构和基础设施的公共服务水平,办理破产司法程序的便利度,,,
txzcf,错误,,,,,,
djczr,正确,,,,,,
zmccf,错误,,,,,,
xydnr,错误,,,,,,
ddjfa,错误,,,,,,
dsymm,正确,,,,,,
rbdjj,错误,,,,,,
djbyq,正确,,,,,,
hgpzy,正确,,,,,,
dhfqy,正确,,,,,,
sdyxz,错误,,,,,,
hzyql,正确,,,,,,
rqmlz,正确,,,,,,
lywjg,错误,,,,,,
sqwts,正确,,,,,,
jrmfy,正确,,,,,,
yxsla,正确,,,,,,
lzccj,正确,,,,,,
sflxl,正确,,,,,,
gyntc,正确,,,,,,
yydzx,正确,,,,,,
nxxbl,错误,,,,,,
yxxtc,正确,,,,,,
ybcxh,,听证程序,,,,,
ypcqy,,受理破产申请裁定书,指定管理人决定书,,,,
bmzxt,,不动产登记,,,,,
pcspd,,案例分析,域外交流研讨,,,,
xxcxc,,强制清算,办好一件事,,,,
tdscz,,动态监测,公共管理和服务,,,,
qzjgz,保全证据公证，是公证机构根据自然人、法人或者其他组织的申请，依法对与申请人权益有关的、有法律意义的证据、行为过程加以提取、收存、固定、描述或者对申请人的取证行为的真实性予以证明的活动。在纷繁复杂的社会生活中，证据的重要性不言而喻，保全证据公证，作为一种权威、有效的法律手段，正逐渐成为人们在法律事务中的得力助手，为维护当事人的合法权益，有关机关和个人可以依法申请办理证据保全公证。,,,,,,
lxynx,目前，公证机构所办理的保全证据公证业务种类主要包括：文书（物品）送达行为保全，保全财产现状，网络侵权证据保全，房屋拆迁证据保全，涉及知识产权内容的证据保全，监督购买侵权物证或提取侵权证据，单方收回出租房屋或者其他物业的证据保全，保全证人证言和当事人陈述，保全书证、物证、视听资料及其他证据保全等。,,,,,,
xxlgz,强制执行效力公证是公证机构对给付货币、物品、有价证券为内容，载明债务人承诺自己不履行或不适当履行合同义务时，愿意接受人民法院的强制执行的债权文书，依法赋予其强制执行效力的活动。公证机构出具强制执行公证书后，一旦债务人不履行或不适当履行合同义务，债权人可向公证机构申请出具执行证书，然后持强制执行公证书和执行证书， 向有管辖权的人民法院申请强制执行，以保护和实现债权，即债权人无需经过诉讼程序，而直接通过执行程序实现债权。,,,,,,
zzxgz,根据《最高人民法院司法部中国银监会关于充分发挥公证书的强制执行效力服务银行金融债权风险防控的通知》，公证机构可以对银行业金融机构运营中所签署的符合公证法第37条规定的以下债权文书赋予强制执行效力：（一）各类融资合同，包括各类授信合同，借款合同、委托贷款合同、信托贷款合同等各类贷款合同，票据承兑协议等各类票据融资合同，融资租赁合同，保理合同，开立信用证合同，信用卡融资合同（包括信用卡合约及各类分期付款合同）等；（二）债务重组合同、还款合同、还款承诺等；（三）各类担保合同、保函；（四）符合通知第二条规定条件的其他债权文书。,,,,,,
sswgz,涉外公证是公证机构根据自然人、法人或者其他组织的申请，对含有涉外因素的公证事项，依法证明其真实性、合法性的活动。其中，含有涉外因素的公证是指公证的权利主体、权利客体和公证的使用地域诸因素中含有一个或一个以上涉外因素。,,,,,,
lswgz,随着国际交往的日益频繁和不断推向深入，涉外公证可谓无所不在。通常来看，以下是我们需要办理涉外公证的常见情形：1、出国旅游、游学；2、出国留学；3、出国探亲、移民、定居；4、出国访问、工作或投资经营；5、涉外财产继承；6、与域外人士缔结婚姻；7、涉外招投标、涉外诉讼等。,,,,,,
zyynx,2023年4月6日，北京市人民政府办公厅印发《北 京市全面优化营商环境助力企业高质量发展实施方案》， 重点营造良法善治的法治环境、切实保护市场主体合法权益是 其中的主要任务之一。实施方案据此提出多项举措，其中包括“推进国际商事仲裁中心建设，加大仲裁人才引进和培养力度，提高外籍仲裁员比例。积极争取申办国际性仲裁会议，参与国际仲裁规则制定”。,,,,,,
zyynx,北京市人民政府办公厅印发《2024年北京市全面优 化营商环境工作要点》，其中明确提出，要“推动出台外商投资、国际仲裁中心建设等法规”“加快国际仲裁中心建设，制定打造北京国际仲裁中心实施方案，推动北京仲裁委员会案件信息化建设，实现当事人在线提交、查阅、下载仲裁程序文件。”,,,,,,
tjssy,根据《仲裁法》，仲裁机构可以在直辖市和省、自治区人民政府所在地的市设立，也可以根据需要在其他设区的市设立，不按行政区划层层设立。仲裁机构由前款规定的市的人民政府组织有关部门和商会统一组建。设立仲裁机构，应当经省、自治区、直辖市的司法行政部门登记。仲裁机构应当具备下列条件：（一）有自己的名称、住所和章程；（二）有必要的财产；（三）有该委员会的组成人员；（四）有聘任的仲裁员。仲裁机构的章程应当依照《仲裁法》制定。,,,,,,
xrhsq,如向中国法院申请执行，仲裁裁决的执行到被执行人住所地或者被执行的财产所在地的中级人民法院；如申请外国法院执行，在《承认与执行外国仲裁裁决公约》缔约国家范围内，可向当地有管辖权的法院申请，并按其要求提交执行申请书并附具仲裁协议和裁决书的正本及其相关的译本等证明文件。,,,,,,
yggjc,加强电子送达，提高送达效率；推进民事诉讼繁简分流；严控延期开庭次数；完善“多元调解+速裁”工作机制；完善北京法院电子诉讼平台，开发“北京云法庭”，方便当事人远程参与诉讼等。（以上举措任意回答两个点即可得分）,,,,,,
gsycl,破产管理人通过“办好一件事”“企业破产（强制清算）信息查询”专区，提交以下材料即可完成身份核验，即人民法院破产案件受理裁定书（复印件）、指定管理人（或清算组）决定书（复印件）、管理人（或清算组）出具的授权委托书（原件）、经办人身份证件（原件）。进入申请页面后，管理人在线填写《管理人（清算组）企业信息资料查询申请表》，在线勾选一项或多项查询需求，即可同时查询 多个事项。就算查询事项涉及多个政府职能部门，管理人也仅需一次性提交一套申请材料即可办理全部查询业务，省时省力效率高。,,,,,,
ykszz,《北京破产法庭中小微企业快速重整工作办法（试 行）》，第二条规定，债权债务关系明确，财产状况清楚， 且符合下列条件之一的中小微企业可以申请适用小微企业快速重整程序：（一）无财产担保负债总额不超过 1 亿元的企业；（二）符合国务院相关部门制定的中小微企业划型标准规定的企业。,,,,,,
qrhqc,《企业破产法》第113条规定，破产财产在优先清偿破产费用和共益债务后，依照下列顺序清偿：（一）破产人所欠职工的工资和医疗、伤残补助、抚恤费用，所欠的应当划入职工个人账户的基本养老保险、基本医疗保险费用，以及法律、行政法规规定应当支付给职工的补偿金；（二） 破产人欠缴的除前项规定以外的社会保险费用和破产人所欠税款；（三）普通破产债权。破产财产不足以清偿同一顺序的清偿要求的，按照比例分配。,,,,,,
zsmyj,不予登记通知书,,,,,,
hsydw,安吉,,,,,,
jcwds,申请企业名称预先核准,,,,,,
qymcz,行业特点,,,,,,
tjygc,被争议企业的登记机关,,,,,,
sszgs,主要办事机构,,,,,,
zwzss,电子商务平台出具的网络经营场所使用证明,,,,,,
cjfws,该企业,,,,,,
dpczr,公司,,,,,,
ggsjs,20个自然日,,,,,,
dsnyw,监事,,,,,,
scwds,被委托人可通过电子营业执照应用程序一次身份认证、批量领取电子营业执照,,,,,,
xzdxm,高尔夫球场,,,,,,
bjgxd,公开透明,,,,,,
fzqds,北京新客文化有限公司成立于2022年8月1日，股东认缴出资期限为2032年4月1日，该公司无需调整认缴出资期限。,,,,,,
lgdds,北京天一能源发展股份有限公司不设监事,,,,,,
bcccz,书画技艺,,,,,,
szqds,该一人公司可以再投资设立多家一人有限责任公司,,,,,,
fcwds,"国有独资公司在董事会中设置由董事组成的审计委
员会的，可以并设监事会或者监事。",,,,,,
szqds,有限合伙企业由普通合伙人执行合伙事务,,,,,,
slqyy,,2个月,1年,,,,
fzqdy,,企业集团名称应当与企业集团母公司名称的行政区划名称、字号、行业或者经营特点保持一致,"经企业集团母公司授权的子公司、参股公司，其名称可以冠以企业集团名称
",企业集团母公司应当将企业集团名称以及集团成员信息通过国家企业信用信息公示系统向社会公示。,企业集团名称应当在企业集团母公司办理变更登记时一并提出,,
yxlqx,,损害国家尊严或者利益,损害社会公共利益或者妨碍社会公共秩序,使用外国国家（地区）、国际组织名称及其通用简称、特定称谓,可能使公众受骗或者产生误,,
bdmcs,,中国移动通信集团北京移动通信有限公司,泰鼎国际文化传播有限公司,世纪东方（中国）科技有公司,,,
yfwxx,,一照多经营场所信息；,"
外籍人员使用外国人永久居留身份证创办企业的，标注：“企业投资人为持外国人永久居留身份证的外籍人员”；",以网络经营场所为经营场所登记的个体工商户标注：“仅限于通过互联网从事经营活动”；,,,
sbknx,,通过“北京企业服务e窗通微信小程序”完成身份认证；,使用“银行账号信息校验+预留手机号”、通过北京市企业服务e窗通平台网页端完成身份认证；,,,,
xdjdy,,办公,商业,文娱,,,
gshsx,,市场平等准入,公平待遇,,,,
tjdgt,,具备相对独立且符合本市相关规定的经营场所,诚信守法经营，个体工商户无违法违规记录，个体经营者无不良警示记录,个体工商户从事的经营项目应当符合本市及各区县产业政策的相关规定,,,
tzgzm,,大陆公安部门颁发的台湾居民居住证,大陆出入境管理部门颁发的台湾居民来往大陆通行证,,,,
sflbh,正确,,,,,,
yzgzy,错误,,,,,,
zyyzz,正确,,,,,,
xgrjy,错误,,,,,,
whfjy,正确,,,,,,
zxkxm,错误,,,,,,
gfhbs,错误,,,,,,
kjxbl,错误,,,,,,
bgdcl,错误,,,,,,
jjgbl,正确,,,,,,
dxggd,企业名称冠以“中国”、“中华”、“中央”、“全 国”、“国家”等字词的，国家市场监督管理总局应当按照 法律法规相关规定从严审核，提出审核意见并报国务院批 准。企业名称中间含有“中国”、“中华”、“全国”、“国 家”等字词的，该字词应当是行业限定语。外商投资企业名称中含有“（中国） ”字样的，其字号 应当与企业的外国投资者名称或者字号翻译内容保持一致，并符合法律法规规定。,,,,,,
mzdtj,根据《企业名称登记管理规定实施办法》第二十条 规定：已经登记的跨 5 个以上国民经济行业门类综合经营的 企业法人，投资设立 3 个以上与本企业字号相同且经营 1 年 以上的公司，同时各公司的行业或者经营特点分别属于国民 经济行业不同门类，其名称可以不含行业或者经营特点。除 有投资关系外，该企业名称应当同时与企业所在地同一行政 区域内已经登记的或者在保留期内的企业名称字号不相同。 前款企业名称不含行政区划名称的，除有投资关系外，还应 当同时与企业所在地省级行政区域内已经登记的或者在保 留期内的企业名称字号不相同。,,,,,,
dyzcz,"具有下列情形的股权不得用作出质：
（1）被依法冻结；
（2）将股权出质给本公司的；
（3）公司章程规定不得转让或者不得出质的；
（4） 以已经办理出质登记的股权再次出质的；
（5） 以未经公司登记机关登记的股权出质的；
（6）法律、行政法规规定不得办理出质登记的其他情 形。",,,,,,
dzylc,"（1）完整填报“经营范围规范管理服务平台”“ 规范 条目管理”-“条目新增”模块中所列全部信息。
（2）填写《新增经营范围规范表述申报表》并加盖局章。
（3）附与拟新增项目相关的政策文件、行业标准、专业文献等文件资料依据， 以书面形式报送市处审核。",,,,,,
xbknx,"（一）公司名称和住所；
（二）公司经营范围；
（三） 公司注册资本；
（四） 股东的姓名或者名称；
（五）股东的  出资方式、出资额和出资日期；
（六）公司的机构及其产生  办法、职权、议事规则
（七） 公司法定代表人的产生、变更办法；
（八）股东会会议认为需要规定的其他事项。",,,,,,
djdqx,市场主体未发生债权债务或者已将债权债务清偿完 结，未发生或者已结清清偿费用、职工工资、社会保险费用、 法定补偿金、应缴纳税款（滞纳金、罚款）， 并由全体投资 人书面承诺对上述情况的真实性承担法律责任的，可以按照 简易程序办理注销登记。,,,,,,
dczfs,股东可以用货币出资，也可以用实物、知识产权、土地使用权、股权、债权等可以用货币估价并可以依法转让 的非货币财产作价出资；但是，法律、行政法规规定不得作 为出资的财产除外。对作为出资的非货币财产应当评估作 价，核实财产，不得高估或者低估作价。法律、行政法规对 评估作价有规定的，从其规定。,,,,,,
szyqf,子公司具有法人资格，依法独立承担民事责任。分 公司不具有法人资格，其民事责任由公司承担。,,,,,,
ysygb,登记机关核对申请登记内容是否属于登记范畴，是 否属于本登记机关登记管辖范围内的事项，填报结果是否具 有完整性，是否具备《中国（北京）自由贸易试验区市场主 体登记确认制试行办法》规定的所需提交文件的形式要求。 符合上述要求的，登记机关对主体资格和登记事项的结果予 以确认，并通过企业信用信息公示系统进行公示。,,,,,,
xbhnx,个人独资企业应当依法登记以下事项：名称、类型、 经营范围、住所、出资额及投资人姓名及居所。,,,,,,
hqdtd,2021年3月1日,,,,,,
yfctl,北京市水务局关于印发《北京市供水可靠性管制工作细则（试行）》《北京市供水可靠性管制奖惩措施（试行）》的通知,,,,,,
gsqbj,水行政主管部门,,,,,,
ldyqw,不大于50吨,,,,,,
bljrs,公共排水管网运营单位,,,,,,
sytjs,管径50厘米及以下，接入管线长度200米及以内,,,,,,
sxbcg,2工作日,,,,,,
jxgzz,3个月内,,,,,,
hsxtj,产权证号、申请人、房屋坐落、面积、不动产单元号、用户编号等信息,,,,,,
dblkz,10%,,,,,,
nwcgs,6个自然日,,,,,,
dsydz,三十日,,,,,,
gblhj,2，环节 1：受理、勘察、制定方案、设计，环节 2：施工接水,,,,,,
clfbs,2，排水报装申请表，不动产权证正本复印件1份,,,,,,
xgxsj,北京市市政交通基础设施综合管理信息平台,,,,,,
fbgcx,北京市地下管线防护系统,,,,,,
ddjbm,市发展改革委,,,,,,
qxsdd,1.3，1.2,,,,,,
rgczx,并联审批,,,,,,
lfwfc,,社会投资低风险工程建设项目附属市政公用设施当中，供水连接水管直径不大于4厘米、排水连接水管直径不大于50厘米且日排水量不大于50吨。,非社会投资低风险工程建设项目（除社会投资低风险工程建设项目之外的其他项目）附属市政公用设施当中，供排水接入管线长度 100 米及以下，供水连接水管直径不大于4厘米、排水连接水管直径不大于 50 厘米且日排水量不大于50吨的新建非住宅工程建设项目。,,,,
shjzd,,加强供水能力建设，建设备用水源，提升供水安全系数，加强主力水厂配水管网互联互通，提升供水可靠性。,加强供水管网运行维护、及时更新改造老旧管网等供水设施，降低风险隐患和管网漏损率，减少因施工外力、地面沉降等因素引起的故障；加强管网信息系统建设，不断提高供水运行管理水平，提升供水可靠性。,"深化“互联网+服务”,加快智能水表换装和独立计量区建设，充分发挥智慧供水和管网调度系统作用，提升快速发现处置事故能力。",持续做好供水应急体系建设，加强与政府部门及各单位协同，加强抢修站点建设，做好抢修人员及备品备件储备工作，有效提升应急处置能力，最大限度缩小停水范围，避免长时间停水。,,
gsdsp,,停水口径≥DN600,停水口径小于DN600或者停水影响居民3000户以下,,,,
dyfdt,,水源水污染,供水管道爆管,,,,
xphfw,,联合踏勘,协同设计,联动施工,联合验收,,
dxzxk,,规划,施工,占用挖掘道路,占道施工及占用绿地,,
ynxtj,,微信、支付宝,北京自来水APP,实时联网银行,自来水集团营业网点柜台,,
zfsds,,窗口报装,邮件报装,微信报装,“一站式”服务平台,,
dsylx,,水源水,出厂水,管网末梢水,,,
snsgl,,零上门,零审批,零投资,,,
zjcnr,,检验水质颜色气味,检验水体微生物,进行物理化学检验,进行放射性检验,,
bnxxx,,所需材料,所需流程,报装成本,规定时间标准,,
xxzsp,,砍伐城市树木审批,占用挖掘城市道路审批,占道施工许可,,,
qjsmb,正确,,,,,,
jwejw,正确,,,,,,
bwmdy,正确,,,,,,
wylfm,错误,,,,,,
nxxjn,错误,,,,,,
ztzjs,错误,,,,,,
wqysr,正确,,,,,,
xszls,错误,,,,,,
bzbsf,正确,,,,,,
byzbj,正确,,,,,,
djsgs,5元/立方米×第一阶梯水量基数+7元/立方米×第二阶梯水量基数+9元/立方米×第三阶梯水量基数。,,,,,,
xtstz,会。市民可通过北京市自来水集团微信公众号、北京市自来水集团官网在线查询停水通知。,,,,,,
tsdqd,市长信箱、12345市民热线、北京市水务局官网线上投诉咨询、市水务局便民热线55522820、北京市自来水集团服务热线电话96116、北京市自来水集团官网咨询建议等。,,,,,,
sjrhj,受理及方案制定 →现场踏勘 →施工图设计 →施工图 审核 →职能部门审批 →工程施工 →验收通水,,,,,,
hjjsx,（1）2个工作日内完成受理客户报装并制定供水方案；（2）6个自然日内完成供水接入工程施工、验收、通水工作。,,,,,,
sslbs,对于居民用户，在登录京通小程序或首都之窗办理供排水报装时通过人脸识别功能自动获取申报人姓名、手机号、身份证号，无需用户手动填写。,,,,,,
syzbs,对于非居民用户，在京通小程序或首都之窗办理供排水报装时输入建筑工程规划许可证批准号和土地使用权证号后，系统后台匹配直接调取相关电子证照，无需用户手动上传。,,,,,,
zjlcs,节水咨询、设计、检测、认证、审计、水平衡测试、技术改造、运行管理、节水宣传等。,,,,,,
wsnsl,（1）零上门：服务企业上门服务，无需用户往返 营业厅；（2）零审批：免于办理任何行政审批手续；（3）零投资：服务企业投资建设，用户无需花钱；,,,,,,
djgjg,市通信管理局,,,,,,
bxytg,单位房产证或租赁合同,,,,,,
wjxts,市住房城乡建设委,,,,,,
ctlgy,2013,,,,,,
htgfw,不能,,,,,,
dryyg,10%,,,,,,
slhys,遵循市政公用基础设施报装要求的相关成本,,,,,,
hzsgg,用电、用水、互联网,,,,,,
kyxgx,互联网服务中的延迟、互联网连接的下载/上传速度,,,,,,
ddnrs,报装相关文件、步骤、时限和收费表的可获得性,,,,,,
nycgz,五日内,,,,,,
xstgs,七十二小时,,,,,,
sxzsw,5,,,,,,
dzszf,公众市场,,,,,,
nzcsl,5个工作日,,,,,,
dyxqw,5,,,,,,
jtxjs,《通信建设工程竣工验收备案表》,,,,,,
blzts,北京市通信管理局,,,,,,
blzts,各区通信建设管理办公室,,,,,,
fwcqz,工程建设项目通信报装申请表,,,,,,
bjsgc,北京市投资项目在线审批监管平台,,,,,,
ggzrn,2,,,,,,
ggzrn,2,,,,,,
qdjsz,无线覆盖使用协议,,,,,,
qdjsz,光纤接入协议,,,,,,
ggzrn,15 15 ,,,,,,
dtxjc,通信工程质量监督部门,,,,,,
ggzrn,9个,,,,,,
nxywn,无线覆盖业务,,,,,,
wycsb,一网通办,,,,,,
twhbk,,北京联通,北京移动,北京电信,歌华有线,,
dclbk,,工程建设项目通信报装申请表,产权证明,营业执照,,,
szqdy,,未经用户同意，电信业务经营者、互联网信息服务提供者不得收集、使用用户个人信息。,电信业务经营者、互联网信息服务提供者收集、使用用户个人信息的，应当明确告知用户收集、使用信息的目的、方式和范围，查询、更正信息的渠道以及拒绝提供信息的后果等事项。,电信业务经营者、互联网信息服务提供者不得收集其提供服务所必需以外的用户个人信息或者将信息用于提供服务之外的目的，不得以欺骗、误导或者强迫等方式或者违反法律、行政法规以及双方的约定收集、使用信息。,电信业务经营者、互联网信息服务提供者在用户终止使用电信服务或者互联网信息服务后，应当停止对用户个人信息的收集和使用，并为用户提供注销号码或者账号的服务。,,
xnxnr,,名称,法定代表人,业务种类,业务覆盖范围,,
fstxy,,短信,语音,互联网,其他,,
bxltj,,经营者为依法设立的公司,有与开展经营活动相适应的资金和专业人员,有为用户提供长期服务的信誉或者能力,国家规定的其他条件,,
xtlgd,,限定电信用户使用其指定的业务,无正当理由拒绝、拖延或者中止对电信用户的电信服务,对电信用户不履行公开作出的承诺或者作容易引起误解的虚假宣传,以不正当手段刁难电信用户或者对投诉的电信用户打击报复,,
hnxtj,,申诉人是与申诉事项有直接利害关系的当事人,有明确的被申诉人,有具体的申诉请求和事实根据,已经向被申诉人投诉且对其处理结果不满意或者其未在15日内答复,,
hzxjj,,仲裁机构申请仲裁 ,人民法院提起诉讼,,,,
xwjcl,,项目立项批准文件,施工图设计审查批准文件,工程勘察、设计、施工、监理等单位的资质等级证书,其他相关文件,,
sdtyg,,市政公用基础设施报装的在线应用程序,账单和报装费用的在线查询,投诉流程清晰可查,,,
mzjbk,,建筑企业,承包商,工程师,电工和电信运营商,,
zzxck,,前期咨询,业务受理,,,,
yscyd,,北京联通,北京移动,北京电信,北京铁塔,,
ghhxn,,新建住宅区,商务楼宇,公共建筑,,,
jyxfw,正确,,,,,,
zkhjk,错误,,,,,,
rfwyw,正确,,,,,,
qydfy,错误,,,,,,
byzbj,正确,,,,,,
xfgbz,错误,,,,,,
xbhnx,（1）新建、改扩建工程建设项目的无线通信信号覆盖。（2）新建、改扩建工程建设项目的通信管道及光纤接入。,,,,,,
xnxzr,通信建设主管部门负责受理属地内报装需求，落实通信设施报装的前期咨询、业务受理、组织现场勘察、答复、登记等工作，在日常工作中需严格履行“统一勘察、统一设计、统一施工、统一验收”、“验收不合格不予接入”的基本建设程序。,,,,,,
bktyw,需满足公平准入原则，保障联通、移动、电信三家运营商同时具备接入条件。,,,,,,
sjczz,市区两级,,,,,,
ggzrn,7,,,,,,
dxzjg,可以不予提供,,,,,,
wrhfz,线上线下,,,,,,
znsdl,办事方式多元化,,,,,,
ybyhd,1000；租用；借用；临时占用,,,,,,
hytgz,2020年4月28日,,,,,,
glrsq,决定书,,,,,,
jsjxg,16,,,,,,
sxyyg,行政许可,,,,,,
ptstb,六,,,,,,
xglwh,北京市政务服务事项管理系统,,,,,,
fzjzs,进驻部门、政务服务中心,,,,,,
dsqcl,一个工作日内,,,,,,
ycxgz,补齐补正通知书,,,,,,
gzrrn,7、15,,,,,,
dwtzd,,找不到,看不懂,用不上,,,
rqyxs,,数字服务,政策服务,热线服务,,,
mymtx,,“信用中国（北京）”网,“京通”小程序,市区两级政务服务大厅,,,
jjcbk,,建立标准统一、运行规范、线上线下相融合的政务服务体系,系统性、整体性、协同性推进政府管理和服务改革创新，提升政务服务数字化、智慧化水平,完善政务服务体系，建立健全政务服务事项管理、一体化线上服务、政务服务中心建设、政务服务实施、便民热线运行、服务评估评价等标准规范，提供泛在可及、公平普惠的政务服务,加大协同化改革力度，整合跨层级、跨部门、跨区域政务服务要素，全面推行“一业一证”改革，扩大“一件事”改革覆盖领域，深化京津冀政务服务合作，实现更多政务服务事项“跨省通办”“移动办”，提速“北京+雄安”政务服务同城化发展,,
dgxzw,,泛在可及,智慧便捷,公平普惠,,,
yjsjc,,大型营业性演出活动,大型体育赛事活动,大型展览展销活动,,,
dsxqd,,企业迁移登记“一件事”,大件运输“一件事”,就医费用报销“一件事”,申请公租房“一件事”,,
zdsxq,,开办餐饮店“一件事”,水电气网联合报装“一件事”,信用修复“一件事”,开设道路货运“一件事”,,
sxcws,,网上办,掌上办,一次办,,,
hslqd,,制度创新,技术创新,,,,
dzfyx,,数字化,智能化,,,,
wfwdn,,智慧服务,高效监管,科学决策,,,
wfwsx,,同事项名称,同受理标准,同申请材料,同办理时限,,
ddgly,,信息共享,凭证代替,告知承诺,部门核查,,
xblhr,,直接生效,备案后生效,认定后生效,,,
kyxnx,,数据库表交换,数据探针,接口交换核心要素,,,
ygrcj,,公民身后“一件事”,军人退役“一件事”,异地就医备案“一件事”,,,
mxywc,,编制场景建设工作方案,实施跨部门业务流程整合优化,编制发布场景办事指南,开展政策解读,,
yblsx,,食品经营许可新办审批（设区的市级权限）,小餐饮店许可,烟草制品零售许可(设区的市级权限)新办,城镇污水排入排水管网许可（直辖市权限）首次申请,公众聚集场所投入使用、营业前消防安全检查（设区 的市级权限）,牌匾标识设置方案上传公开
tbghj,,企业变更登记,印章刻制,基本账户变更,税控设备变更发行,社会保险登记变更,住房公积金企业缴存登记变更
zdqlc,,经办人,首席代表,,,,
dyxjz,,前台综合受理,后台分类审批,综合窗口出件,,,
llcbk,,登记问题、分析原因,派发工单、限期解决,结果核查、提级响应,,,
lblsp,正确,,,,,,
cssjs,正确,,,,,,
xhbsb,正确,,,,,,
wggzr,错误,,,,,,
gkdsx,错误,,,,,,
xhczq,错误,,,,,,
xmlgl,错误,,,,,,
swsbl,正确,,,,,,
hglzd,错误,,,,,,
lclbl,正确,,,,,,
qgxyx,正确,,,,,,
ytygf,正确,,,,,,
hjdyz,正确,,,,,,
fjwqz,正确,,,,,,
szhfw,正确,,,,,,
kblcg,错误,,,,,,
fsdnr,错误,,,,,,
bsplc,错误,,,,,,
fwyjs,错误,,,,,,
fwyjs,正确,,,,,,
zlhxn,正确,,,,,,
ywdyq,正确,,,,,,
ddxtk,错误,,,,,,
dhbgt,错误,,,,,,
jxypz,正确,,,,,,
zztpx,错误,,,,,,
bcswt,错误,,,,,,
gcdtz,正确,,,,,,
lwtjj,正确,,,,,,
fsdys,正确,,,,,,
jgdxx,错误,,,,,,
zyccl,正确,,,,,,
llhfw,正确,,,,,,
pbasx,新申请涉外营业性艺术品展览活动，食品展销会展前报告，文物进境展览备案办理，跨省、自治区、直辖市举办大型群众性活动安全许可，临时性商业户外广告设施设置方案上传公开，境内举办涉外经济技术展览会备案，海关展览会备案。,,,,,,
msfbw,全程网办、异地代收代办、多地联办,,,,,,
sfwdw,“京通”（网上办事门户）。,,,,,,
bybzb,智能审批、在线导办、智能咨询,,,,,,
zhrfs,对备案后生效的资质资格，企业群众凭已有资质资格在当地备案，审批部门原则上按即办件办理，备案后即可使用；对认定后生效的资质资格，企业群众凭已有资质资格申领当地证照文书，审批部门原则上按即办件办理。对备案生效和认定生效的资质资格，审批部门除原有资质资格、申请书等基本申请材料外，不得额外增加申请材料、提高申办条件。,,,,,,
lcssy,"第一步,确定材料调整符合我市精简材料工作的要求，如果修改后的材料涉及材料份数的增加和提交方式的变化，需与市政数局负责精简材料的处室报备;
第二步,确定变更材料是否已纳入全市材料名录标准库。如果未纳入，需先申请纳入;
第三步,登录北京市政务服务事项管理系统，对事项发起变更，修改申报材料信息，提交事项变更申请。",,,,,,
lxynx,"办件数据是各类法人和自然人在办理政务服务事项过程中，全市各级各类政务服务平台采集、产生的办事申请、事项受理、办理过程、办理结果等各类数据。
纳入办件数据工作范围的政务服务事项类型包括依申请的行政许可、行政给付、行政确认、行政奖励、行政裁决、其他行政全力和依申请公共服务事项共七类。",,,,,,
gzxfk,建立“好差评”数据生成、归集、传输、分析、反馈机制。,,,,,,
rhdyd,集中为公民、法人和其他组织提供政务服务事项受理、办理、反馈等服务的实体平台。,,,,,,
szhdy,法治,,,,,,
zqgnw,改革开放,,,,,,
lyshj,高标准国际经贸规则,,,,,,
hzygh,营商环境,,,,,,
zyfyq,营商环境,,,,,,
gjjyz,问题导向、需求导向、亲清政商关系、获得感,,,,,,
jdzcl,服务意识,,,,,,
dschj,公平竞争,,,,,,
wsfwb,优化营商环境,,,,,,
dxxzs,亲清统一,,,,,,
yshjj,法治化,,,,,,
kflsz,制度型,,,,,,
zjtjh,引资稳资力度,,,,,,
gjyld,人才发展环境,,,,,,
yzsch,外商投资权益,,,,,,
sqmjs,高质量发展,,,,,,
jsgbz,市场化改革,,,,,,
yxysh,1500,,,,,,
jycsd,10,,,,,,
sczzc,4.4,,,,,,
wgjzl,10,,,,,,
wlaqh,生物医药,,,,,,
xydxx,集成电路,,,,,,
yxzwf,400,,,,,,
ycjqg,首位,,,,,,
tggyd,,环境,服务,,,,
dfmfp,,放宽市场准入,促进公平竞争,保护知识产权,建设统一大市场,,
yshjb,,市场化,法治化,国际化,,,
qrmqz,,获得感,幸福感,安全感,,,
yshjd,,法治化 ,市场化 ,国际化,,,
xtxry,,规则,规制,管理,标准,,
hjhql,,促消费,惠民生,,,,
dscjj,,产权保护,市场准入,公平竞争,社会信用,,
blblb,,推动高质量发展,服务群众,防范化解风险,,,
slldj,,创新链,产业链,供应链,,,
swytx,,技术研发,产业培育 ,人才培养,,,
zfwxf,,法治化,市场化,便利化,国际化,,
yqzzz,,能办事,快办事,好办事,办成事,,
zdjcw,,北京标准,北京效率,北京诚信,,,
xgzms,,前台综合受理,后台分类审批,综合窗口出件,,,
yshtj,正确,,,,,,
shjgz,正确,,,,,,
cnzfs,错误,,,,,,
jddfs,错误,,,,,,
dlqbm,正确,,,,,,
tfzhl,正确,,,,,,
kcxsj,正确,,,,,,
chxnr,正确,,,,,,
cyyyp,正确,,,,,,
jgzsh,正确,,,,,,
398,---------,---------,---------,---------,---------,,
wszbs,1,,,,,,
xbmbk,实施编码和业务项代码,,,,,,
ywbsw,administrative service centre,,,,,,
bcltg,电子化,,,,,,
dtytg,无障碍功能和多语种功能,,,,,,
bgdpc,北京效率,,,,,,
fwbzt,一站式,,,,,,
tdzwf,人工智能+政务服务,,,,,,
ydydm,即时互动,,,,,,
yyxzj,专业顾问,,,,,,
hxgbm,12345市民服务热线,,,,,,
zxsjy,人工智能客服,,,,,,
sxbcg,0.5,,,,,,
ywbsw,item stationing,,,,,,
ddqgc,提出申请，收到办理结果,,,,,,
dzcxs,北京服务,,,,,,
jgzyd,强人才重教育，打造优质均衡、人才辈出的教育体系,,,,,,
fwjly,全程网办,,,,,,
pjzts,行政相对人,,,,,,
yjsds,社保信息填报,,,,,,
lbcqx,不少于3年,,,,,,
jgqpx,2个月,,,,,,
ddyjc,先培训后实施,,,,,,
nwcwt,1周,,,,,,
xxdwy,编码,,,,,,
ggzrn,5,,,,,,
djtsx,外国人来华工作公积金缴纳,,,,,,
djtsx,婚姻信息核验,,,,,,
jfpjr,“京通”小程序,,,,,,
jyzzd,公开透明,,,,,,
yqbzy,数据来源不同（线下 vs 线上）,,,,,,
lygpb,公用事业,,,,,,
fzqds,服务窗口应先将拟公开信息提交本部门或保密工作部门审核，再选择中心网站、政府公报等方式公开。,,,,,,
tcysb,2,,,,,,
kfwds,行政机关在履行行政管理职能过程中形成的磋商信函、请示报告等过程性信息以及行政执法案卷信息。,,,,,,
dzzwf,全国一体化政务服务平台,,,,,,
dyzbd,赋权、下沉、增效,,,,,,
ysdqj,70%，100%,,,,,,
sxhlh,综合咨询电话,,,,,,
yrhsz,使用本部门承办该事项的内设机构电话,,,,,,
jylxh,1个工作日内,,,,,,
dfsxc,委托受理、授权办理、帮办代办,,,,,,
xzxsy,示意咨询者稍候，至当前服务结束后再予以解答,,,,,,
xngdd,服务咨询台或认领处,,,,,,
wzlfc,上级或有关部门发送至本单位的各类纸质或电子介质的公文、资料。,,,,,,
fcwds,应存于计算机系统盘内；,,,,,,
bsxzc,“免申即享”,,,,,,
zysfw,一类事,,,,,,
jhsjj,帮办代办,,,,,,
cfdzl,刑事拘留,,,,,,
jlqxw,五日以上十日以下,,,,,,
jghfk,扰乱医院秩序，导致医疗无法正常进行但未造成严重损失,,,,,,
dgxyd,订立书面劳动合同,,,,,,
ndlsm,一个月内,,,,,,
xzqjl,订立劳动合同、用工之日,,,,,,
swlsx,让用户通过一套凭证，访问所有已授权的网络应用。,,,,,,
xsssy,一种以电子签名数据为表现形式的印章,,,,,,
xcfds,从企业和群众办事的需求和视角出发,,,,,,
dpdzg,网络阻隔,,,,,,
zzqds,将部分材料内容用于政务服务相关的统计分析,,,,,,
fzqds,依法生成的可靠电子印章与实物印章具有同等法律效力，但部分特殊领域可能仍需实物印章,,,,,,
zymds,统筹推进新产业、新业态、新模式发展中复杂的涉企审批服务项目,,,,,,
cldyd,一次性告知需要补正的内容,,,,,,
ddtds,允许市场主体自主选择办理渠道,,,,,,
lnzxw,为市场主体指定或变相指定中介服务机构,,,,,,
zdmds,听取市场主体诉求，帮助解决生产经营困难,,,,,,
lnlyq,购买指定商品、接受有偿服务,,,,,,
sbjzd,索取或收受申请人的财物,,,,,,
ldydy,上级行政机关或监察机关,,,,,,
bzlgz,不在办公场所公示依法应当公示的材料,,,,,,
hxyzs,自愿真实、保护信息,,,,,,
qnzfs,强制服务对象现场完成评价后再离开,,,,,,
stxpj,短信、消息提醒,,,,,,
hydpj,推送统一的评价页面提醒评价,,,,,,
sbcfk,勾选差评原因选项或填写其他原因,,,,,,
ycpfc,“差”“不满意”,,,,,,
fwnjl,立整立改类、限时整改类、综合协调类,,,,,,
yrhcl,认定为无效差评并记录为 “未评”,,,,,,
czyqs,当场给予答复并即时整改,,,,,,
fzgjg,5 个工作日,,,,,,
nxzwf,1 个工作日,,,,,,
hzcjd,直接作出同意决定,,,,,,
bzbgb,市级政务服务部门编制市级总清单，区级政务服务部门编制区级总清单,,,,,,
xqdgs,政务服务大厅、网上办事大厅、部门网站等渠道,,,,,,
xdtjs,政府部门盖章且申请人签字或盖章,,,,,,
wdyjs,新办事指南和标准问答知识库,,,,,,
yrhcl,不再纳入工作台账，避免重复派发《工作单》,,,,,,
thszg,事项实施单位,,,,,,
yrhcl,调查研究并提出解决方案,,,,,,
dzyyj,绩效考核,,,,,,
dsxwa,国家秘密、国家安全；,,,,,,
czcsf,受理,,,,,,
dslxy,委托部门审批业务专用章,,,,,,
dbzjx,审核要点,,,,,,
zysqw,申请人,,,,,,
nzccl,承诺办结时限,,,,,,
zdszh,社会主义,,,,,,
jjgsx,民主集中制,,,,,,
gdbdt,宪法,,,,,,
xdyws,administrative service centre,,,,,,
ywfyw,counter,,,,,,
zxsld,服务单元,,,,,,
yqdgz,执业技能,,,,,,
jzdyq,着装得体、说话轻声细语、优雅从容,,,,,,
smfwr,12345,,,,,,
gjmms,法律,,,,,,
hlyzs,特别严重,,,,,,
dgjmm,最重要,,,,,,
xdzzx,工作需要,,,,,,
zsjgj,私人交往和通信,,,,,,
ysyby,3号仿宋,,,,,,
ynzzt,2号小标宋体字,,,,,,
xwzfy,二,,,,,,
jzbpf,成文日期之上、以成文日期为准居中,,,,,,
dypts,网站,,,,,,
gzdfc,强制收费制度,,,,,,
dsyzd,负面清单制度,,,,,,
yrhcl,整合并入本级政务服务中心,,,,,,
mshls,前台综合受理、后台分类审批、综合窗口出件,,,,,,
zygns,解决办事疑难事项和复杂问题,,,,,,
kzssg,2个月,,,,,,
ssdws,第三方服务单位,,,,,,
ssdws,本级相关审批部门,,,,,,
ssdws,本街道（乡镇）政务服务部门,,,,,,
qfgpx,1个月,,,,,,
wzzzz,规范,便民,高效,,,,
dzcbf,行政区划代码,事项类型代码,子项代码,,,,
zcyfh,统一社会信用代码,行使层级代码,事项基本编码,,,,
dyxlf,信息公开,网上办理,民意互动,,,,
yyxnr,政务服务中心简介及机构设置,政务服务中心办公地址、办公时间、公交运行线路、服务热线电话,进驻部门窗口及办理事项,网上投诉、网上咨询、意见征集的答复或结果,,,
kdbxy,公开性,易用性,时效性,兼容性,,,
lfwbk,网上注册/登录,网上预约,网上申报,办理状态查询,,,
rzybk,投诉举报受理编号,被投诉举报进驻部门,被投诉举报人姓名,投诉举报内容,,,
gzzsx,办事方式多元化,办事流程最优化,办事材料最简化,,,,
szqds,各级各类政务服务大厅前台引导人员、综窗服务人员、帮办代办人员和业务审批人员都应及时学习最新政策情况,对已来到政务服务大厅的办事企业群众，应现场即时提供帮办代办服务,应通过大厅、电话、网络等渠道，为企业群众提供咨询、引导等服务,,,,
sdgdy,按照办事指南的规定办理政务服务事项，不得提出办事指南规定以外的要求,需要进行现场踏勘、现场核查、技术审查、听证论证的，应当在规定时限内及时安排，不得推诿、拖延,同一政务服务事项在同等情况下，应当同标准受理、同标准办理,能够通过政府部门之间信息共享获取的材料，不得要求经营主体提供,,,
jksbs,就近办事,随时办事,多点办事,,,,
dxjzs,大数据,人工智能,区块链,,,,
sxqyh,减时间,减环节,减材料,减跑动,,,
zdrws,聚焦保障改善民生，推动个人服务高频事项“跨省通办”。,聚焦助力惠企利企，推动企业生产经营高频事项“跨省通办”。,鼓励区域“跨省通办”先行探索和“省内通办”拓展深化。,,,,
dzcnl,电子证照,身份认证,电子印章,,,,
aqkkd,统筹协调,标准统一,依法共享,合理使用,,,
dzxfw,在线,即时,互动,,,,
dfswz,办事指南链接,知识库统一标准答案,市级专业大厅和区、街乡级政务服务中心咨询电话、地址,,,,
ggzrd,12:00,17:00,,,,,
zdqlc,经办人,首席代表,,,,,
bmfws,行政区划内承担行政审批事项和公共服务事项的本级政府职能部门,行政区划内法律、法规、规章授权的具有管理公共事务职能的组织,,,,,
sfbzh,设立依据,办理条件,申报材料,办理流程,,,
xjbyq,遵纪守法,掌握相关国家方针政策、法律法规和进驻事项的办理规程,是进驻部门的在职在岗工作人员,具备从事窗口工作所需的业务和服务技能,,,
wgfdy,代办服务,上门服务,电话服务,网络服务,,,
wgfdy,政务公开,首问负责,一次性告知,限时办结,,,
djsbk,推进线下办事“只进一门” ,推进线上办事“一网通办”,推进企业和群众诉求“一线应答”,,,,
zdjjb,省内通办,跨省办,,,,,
xnxyz,坚持人民至上,坚持标准规范,坚持精准高效,坚持改革创新,,,
yytdq,政策服务,数字服务,热线服务,,,,
dfwms,数字人服务,智能审批,交互式办事,自由组合申办,,,
dgpdz,身份证,户口簿,居住证,,,,
zcyzl,开办,变更,注销,,,,
yggrh,“一件事”,“一业一证”,,,,,
dqyfz,跨区域,跨部门,跨层级,,,,
dyzbk,合法公正,全面覆盖,公开透明,以评促改,,,
gdlxy,一次一评,一事一评,综合评价,,,,
zdsxs,特型机动车临时行驶车号牌核发,个人身份信息核验,,,,,
ynxrq,具有审批管理权限的部门,具有公共服务职能的企事业单位,政务服务部门面向各级审批管理工作人员,政务服务部门面向各级窗口服务工作人员,,,
spxds,政务服务事项办事指南、受理要点、审批标准、咨询答复口径等,“高效办成一件事”政策要求、适用范围、具体事项、 办理流程等,首问负责、一次性告知、限时办结、帮办代办等服务制度,政务服务领域接诉即办工作机制、问题分析、整改措施和典型案例,,,
npxds,服务意识、服务理念、工作作风和工作纪律等,服务用语、服务礼仪、沟通能力以及业务外语、无障碍交流等,情绪管理、压力管理、现场管理等,安全管理、突发事件应急处置等,,,
mnbsc,晨训晚结,专题培训,现场教学,案例分析,,,
dxsds,下基层,跑工单,走流程,蹲点位,,,
sxzwf,同一事项,同一标准,同一编码,,,,
lzyzx,跨地区,跨部门,,,,,
gzmss,前台综合受理,后台分类审批,综合窗口出件,,,,
scjsc,形式,格式,,,,,
dfsbk,窗口领取,邮寄,自助领取,线上领取,,,
kdbxy,线下申请。可通过政务服务窗口、集成式自助服务终端等进行现场申请。,线上申请。可通过政务服务平台进行线上申请。,,,,,
blhcs,采取现场、邮政特快专递等方式送达。,实施机构宜在政务服务平台为申请人提供电子证照。,,,,,
jnxjd,工程建设,经营发展, 出行,身后,,,
djtsx,企业投资（含外商投资）项目核准/备案,固定资产投资项目节能审查,建设项目用地预审与选址意见书核发,建设项目环境影响评价,,,
dqddd,“好差评”体系,12345政务服务便民热线,线上线下“办不成事”反映窗口,媒体机构留言板,,,
bsznh,可读性,通俗性,,,,,
zxytg,业务咨询,申报辅导,帮办引导,沟通协调,,,
qlcws,优化报装流程,精简报装材料,压缩办理时间,实现报装申请,,,
dtcyg,12345服务热线电话,部门电话,政府网站,政务新媒体,,,
bllcs,受理条件,服务对象,办理结果,法定办结时限,,,
fzqds,中心管理机构工作人员需对拟公开信息进行保密审查，并确保其准确性和一致性。,公民可通过政务服务中心网站、信息查阅点、窗口咨询等多种方式获取主动公开的信息。,主动公开的信息若涉及其他行政机关，需由上级信息公开主管单位或保密工作部门协调处理。,,,,
fzqds,公民、法人或者其他组织可以根据自身需要，向中心管理机构申请获取相关政府信息。,若申请内容不明确的应告知申请人更改，由中心管理机构在进行保密审查、准确性等审查、征求第三方意见等工作过程后，选择适当的答复方式。,,,,,
hsynr,所需信息的内容描述,所需信息的指定提供载体形式,所需信息的名称,是否申请减免费用,,,
wtxxc,一门,一网,一线,,,,
ddzqd,政务服务网,政务服务APP,微信公众号,评价器或自助服务终端,,,
hzxbl,咨询,投诉,求助,建议,,,
djbyz,问题需求导向,集成汇聚增效,无差别办理,协同联动共享,,,
gzqbq,接听,协调,转接,答复,,,
wqyqz,打得通,有人接,答得清,,,,
jlcth,接通率,满意率,,,,,
yzsxs,标准统一,分类施策,重点突破,全面覆盖,,,
sxyhq,受理类,代收代办类,咨询预审类,,,,
xnxgn,自助办理政务服务事项,企业群众与前台受理、后台审批人员一对一在线视频办理业务,读取身份证、银行卡、社保卡等，高清扫描上传电子材料,签批系统实时核验信息，可作出审批决定的，使用电子印章当场出具审批结果,,,
hzqcl,对于不属于首问负责人职责范围的，首问负责人应告知或引导服务对象到相关承办窗口或部门咨询办理,对于不属于政务服务中心职责范围的，首问负责人应尽可能帮助服务对象寻找相关承办部门,,,,,
nbhnx,政务服务突发事件、信息安全泄露、常见紧急抢救等应急处置技能,信息采集和处理、数据统计和分析、互联网信息辨识等数字化技能,特殊群体办事人员、外籍办事人员沟通对话与服务技能,人员管理、团队建设、现场服务管理等运营管理技能,,,
ynxyq,应使用普通话，文明用语、口齿清楚、条理清晰、言简意赅,应音量适中、语速得当、语调温和、语气亲切,对特殊需求的服务对象，宜使用与之相适应的语言进行沟通,应使用先生/女士等尊称和“请”“您好”“谢谢”“对不起”“再见”等文明用语,,,
jbyzs,坚持需求导向,坚持标准引领,坚持靠前服务,坚持公开透明,,,
qzdbh,服务承诺制度,亮明身份制度,错峰延时服务制度,监督评价制度,,,
dfwfs,预约服务,手语翻译,志愿者服务,,,,
dwzas,低位服务设施,无障碍电梯,无障碍卫生间（无障碍厕位）,无障碍机动车位,,,
sfwdy,市级政务服务大厅,区级部门专业大厅,网上政务服务大厅,政务服务应用小程序,,,
dpzfc,在政务服务大厅建筑物出入口实施坡化处理，方便轮椅通行,设置低位服务设施（如低位咨询台、填单台），便于轮椅使用者办理业务,在大厅入口或显著位置设置楼内示意图,政府网站和政务服务应用小程序应具备信息无障碍功能,,,
jbdgn,政务服务应用小程序应提供人脸识别登录服务。,政府网站中的网页不应设置操作时间（计时是活动的必要部分或关键要素的情况除外）。,政府网站应为网页中的有关非文本链接、控件等提供替代文本或文字性说明。,,,,
wsyzd,符合受理条件的事项，应告知办理时限和取件方式；不符合受理条件的事项，应一次性告知补正内容。,非本窗口受理的事项，应告知该事项具体受理服务区域。,服务对象如需复印、拍照、快递等服务的，应告知相关服务的具体位置。,,,,
fzqds,应按服务对象流量合理配备安保力量，并建立日常巡查制度。,如遇服务对象数量剧增或秩序不可控时，应增配安保力量或求助警力。,窗口人员应按序或按叫号顺序逐一提供服务。,,,,
fzqds,对等候事项办理的服务对象，应引导其在一米线外排队等候，或引导至等候休憩区等待。,如遇烦躁、情绪激动和特殊服务对象，应及时安抚和引导。,应主动做好现场其他服务对象的引导，确保有序流动。,,,,
xczyq,遗失物品登记,遗失物品保存,遗失物品认领,遗失物品注销,,,
xnxzl,业务资料,文件资料,宣传资料,,,,
sbbdb,响应率,解决率,满意度,,,,
syddz,语音唤起,预约,办理,问答,,,
xnxfw,政策推荐、咨询、解读、申报等政策服务,公证、合规指导、涉企纠纷调解等法律服务,,,,,
lkszx,组织作弊,代替他人参加考试,向他人出售考试试题,,,,
dhtfw,固定期限劳动合同,无固定期限劳动合同,以完成一定工作任务为期限的劳动合同,,,,
fzqdy,劳动合同期限三个月以上不满一年的，试用期不得超过一个月,劳动合同期限一年以上不满三年的，试用期不得超过二个月,三年以上固定期限和无固定期限，试用期不得超过六个月,同一用人单位与同一劳动者，离职后又入职的，试用期不得超过一个月,,,
fjjbc,在试用期间被证明不符合录用条件的；,严重违反用人单位的规章制度的；,严重失职，营私舞弊，给用人单位造成重大损害的；,劳动者同时与其他用人单位建立劳动关系，对完成本单位的工作任务造成严重影响，或者经用人单位提出，拒不改正的；,"以欺诈、胁迫的手段或者乘人之危,使对方在违背真实意思的情况下订立或者变更劳动合同的；",被依法追究刑事责任的。,
htdtj,劳动者非因工负伤，医疗期满后，不能从事原工作的,劳动者不能胜任工作，经过培训后，仍然不能胜任工作的,公司办公地点即将从北京迁至上海，与劳动者协商变更劳动合同内容未能达成一致的,,,,
hcyjs,涉及面广，需要多个部门协同办理的事项,办理频率高、办理时间相对集中的事项,需要跨层级办理的事项,,,,
yxnxx,远程身份核验,音视频交互,屏幕共享技术,,,,
zzqdy,应当对履行职责过程中形成的电子文件进行规范管理,应按照档案管理要求及时以电子形式归档并向档案部门移交,除法律、行政法规另有规定外，电子文件不再以纸质形式归档和移交,,,,
zzqdy,涉及国家秘密的政务服务事项，可以不实行网上全程办理,有关政府部门可以鼓励但不得强制限制经营主体仅通过网上方式办理,法律法规另有规定的政务服务事项，可以不实行网上全程办理,,,,
zzqdy,各级政务服务中心公开的预约电话原则上应与对外公布的综合咨询电话保持一致,电话接听人员需记录办事人姓名、预约时间和事项，并一次性告知所需材料,预约信息需做好与延时服务窗口及后台审批人员的交接工作,,,,
dwfqx,违法披露申请人的商业秘密,以转让技术作为取得行政许可的条件,,,,,
fzqdy,现场差评由承担差评处理职能部门第一时间核实,线上差评需与服务对象联系明确原因,不实评价应认定为无效差评并记录为 “未评”,,,,
hqtzz,自然人,法人,,,,,
zydyh,全程网办,多地联办,代收代办,,,,
hrxyq,不得违反国家及本市法律法规和相关规定；,不得影响对该事项合规合法性审查的评估判断；,不属于永久性缺项材料；,后补材料不得与已审核材料不一致。,,,
qrhcn,所作承诺是申请人真实意思表示；,已经知晓各受理窗口告知的全部内容；,提供的所有申请材料真实有效；,在承诺期限内补齐补正全部容缺受理材料；,愿意承担违反承诺的法律责任。,,
hspbm,现场补交,邮政寄递,,,,,
hsgjd,根本制度,根本任务,,,,,
zbqfy,维护宪法尊严,保证宪法实施,,,,,
ldjgs,全国人民代表大会,地方各级人民代表大会,,,,,
dyrmd,国家行政机关,监察机关,审判机关,检察机关,,,
zzshg,保守国家秘密,爱护公共财产,遵守劳动纪律,遵守公共秩序,,,
sfbzd,办理的时限,提交材料,办理程序,,,,
hyxyq,遵循文明礼仪要求；,依照事项办理规程和要求为服务对象提供服务；,依法公开服务信息；,不断优化服务方式和服务行为，提供便捷高效服务，达到服务对象满意。,,,
zyxfm,仪容仪表,行为举止,服务语言,,,,
yydyq,应以协调适宜的自然语言和身体语言服务。,提倡使用普通话，文明用语、言简意赅、语调语速适当,对特殊需求的服务对象，宜使用与之相适应的语言进行沟通。,,,,
dgffw,系统性,整体性,协同性,,,,
dyzbd,赋权,下沉,增效,,,,
lgbms,市场监管,公安,,,,,
dysfw,“早晚弹性办”服务,“午间不间断”服务,“周末不休息”服务,,,,
dnrjl,工作人员姓名,工作职责,联系方式,,,,
mmdyw,一切国家机关和武装力量,各政党和各人民团体,企业事业组织,其他社会组织以及公民,,,
njgdj,绝密,秘密,机密,,,,
dzqdy,能够限定到具体人员的，限定到具体人员,不能限定到具体人员的，限定到机关、单位，由该机关、单位限定到具体人员。,,,,,
zxwdy,非法复制、记录、存储国家秘密。,在私人交往和通信中涉及国家秘密。,未按照国家保密规定和标准采取有效保密措施，在互联网及其他公共信息网络或者有线和无线通信中传递国家秘密。,,,,
sdqxy,在互联网及其他公共信息网络或者有线和无线通信中传递国家秘密的,将涉密信息系统、涉密信息设备接入互联网及其他公共信息网络的,在涉密信息系统、涉密信息设备与互联网及其他公共信息网络之间进行信息交换的,,,,
dqxbk,非法获取、持有国家秘密载体的,买卖、转送或者私自销毁国家秘密载体的,通过普通邮政、快递等无保密措施的渠道传递国家秘密载体的,寄递、托运国家秘密载体出境，或者未经有关主管部门批准，携带、传递国家秘密载体出境的,,,
fzqdy,一般用3号仿宋体字,编排于主送机关名称下一行,每个自然段左空二字,回行顶格,,,
fzqdy,结构层次序数依次可以用“一、”“(一)”“1.”“(1)”标注,一般第一层用黑体字,一般第二层用楷体字,一般第三层和第四层用仿宋体字标注,,,
qzqds,如有附件，在正文下空一行左空二字编排“附件”二字，后标全角冒号和附件名称。,如有多个附件，使用阿拉伯数字标注附件顺序号（如“附件:1.×××××”）。,附件名称后不加标点符号。,附件名称较长需回行时，应当与上一行附件名称的首字对齐。,,,
fzqdy,印章顶端应当上距正文（或附件说明）一行之内,印章端正、居中下压发文机关署名和成文日期,发文机关署名和成文日期居印章中心偏下位置,,,,
sdgzy,印章一一对应、端正、居中下压发文机关署名,最后一个印章端正、居中下压发文机关署名和成文日期,印章之间排列整齐、互不相交或相切,每排印章两端不得超出版心,首排印章顶端应当上距正文（或附件说明）一行之内,,
fzqdy,月、日不编虚位（即1不编为01）,用阿拉伯数字将年、月、日标全,年份应标全称,,,,
fzqdy,政务服务中心宜在信息公开网站或在门户网站设置“信息公开”专栏,编制并发布信息公开指南和目录,宜公布中心简介，办事事项、办事指南、表格下载、网上申请、网上受理、结果反馈等信息,,,,
dqxwy,场地限制,涉及国家秘密,,,,,
klxbk,综合咨询窗口,综合办事窗口,帮办代办窗口,“跨省通办”窗口,“办不成事”反映窗口,,
xzqds,线上线下并行提供服务，满足企业和群众的多样化办事需求。,对已实现线上办理的政务服务事项，原则上要同步提供线下窗口办事服务，由企业和群众自主选择办理渠道。,申请人在线下办理业务时，不得强制要求其先到线上预约或在线提交申请材料。,已在线收取申请材料或通过部门间共享能获取规范化电子材料的，不得要求申请人重复提交纸质材料。,,,
dfstd,直接取消证照材料,数据共享,在线核验,,,,
tjcsy,推广24小时自助服务,推动集成式自助终端向村（社区）、园区、商场、楼宇和银行、邮政、电信网点等场所延伸,鼓励各地区整合公安、税务、社会保障、医疗保障等自助服务功能,推动更多事项全程自助办理,,,
dcsbk,健全完善和督促落实相关服务标准,合理确定政府购买服务价格,增强人员队伍的稳定性,开展等级认定、定岗晋级等工作,,,
sgzry,服务意识,业务能力,办事效率,,,,
czqds,及时告知本部门首席代表,及时告知本部门处（科）室负责人,由首席代表及时组织政务服务中心审批人员和窗口人员培训,由处（科）室负责人及时组织政务服务中心审批人员和窗口人员培训,,,
dsfpc,正确,,,,,,
lfwjg,正确,,,,,,
rrhfr,错误,,,,,,
yhdfw,正确,,,,,,
dxskj,错误,,,,,,
djzsx,正确,,,,,,
sfwzl,错误,,,,,,
xsdhr,正确,,,,,,
llzfs,错误,,,,,,
rrggq,正确,,,,,,
hjgtx,正确,,,,,,
xwdzm,错误,,,,,,
qzhdg,错误,,,,,,
tbzbl,正确,,,,,,
mmdsj,错误,,,,,,
bldqx,正确,,,,,,
gxzfw,错误,,,,,,
hfksg,正确,,,,,,
yzsbl,正确,,,,,,
xkbzb,错误,,,,,,
cgzjy,正确,,,,,,
xjzts,正确,,,,,,
dfwsx,正确,,,,,,
xzdfw,正确,,,,,,
xzspj,错误,,,,,,
xdqfg,错误,,,,,,
ggdsf,错误,,,,,,
ddgjj,错误,,,,,,
kcjck,正确,,,,,,
yzjbl,错误,,,,,,
qpzwj,错误,,,,,,
wsdwc,错误,,,,,,
dblfs,正确,,,,,,
qjxbz,错误,,,,,,
ygxxy,正确,,,,,,
gtyfm,正确,,,,,,
cwbfw,正确,,,,,,
lbmfz,正确,,,,,,
qdxzb,正确,,,,,,
zjjdw,正确,,,,,,
bdqfb,正确,,,,,,
gydhq,错误,,,,,,
jzzcl,正确,,,,,,
ztgbl,正确,,,,,,
rjxhf,错误,,,,,,
cjjqt,正确,,,,,,
xfwcs,错误,,,,,,
sqhfw,正确,,,,,,
dsjpt,正确,,,,,,
xbdfw,错误,,,,,,
dxzts,错误,,,,,,
yzsbl,错误,,,,,,
thlht,正确,,,,,,
wjxzg,错误,,,,,,
thszg,错误,,,,,,
zgyfk,正确,,,,,,
hzxdh,错误,,,,,,
gjtfw,正确,,,,,,
sjgdh,正确,,,,,,
jtlgy,错误,,,,,,
dfsjt,正确,,,,,,
wfwsx,错误,,,,,,
gblfw,错误,,,,,,
ytzxd,正确,,,,,,
nmzzj,正确,,,,,,
xrqsl,错误,,,,,,
skyjy,正确,,,,,,
qxczx,正确,,,,,,
yzspx,错误,,,,,,
jshds,正确,,,,,,
yjtwz,错误,,,,,,
afhyd,正确,,,,,,
qbbbs,错误,,,,,,
hdwjs,错误,,,,,,
wfwsx,错误,,,,,,
hqtzz,正确,,,,,,
wfwsx,错误,,,,,,
qzrtg,正确,,,,,,
ryxjl,错误,,,,,,
ryxjl,错误,,,,,,
yyxfk,正确,,,,,,
yyxfk,错误,,,,,,
zgzyf,正确,,,,,,
cldht,正确,,,,,,
tfwxm,正确,,,,,,
dddwz,错误,,,,,,
zzyfs,正确,,,,,,
nrdsj,正确,,,,,,
bxdyz,错误,,,,,,
ddzwj,正确,,,,,,
wdzda,错误,,,,,,
mdbsr,正确,,,,,,
dzjfw,错误,,,,,,
dflzr,错误,,,,,,
ffwdx,正确,,,,,,
syxsx,正确,,,,,,
dfwsx,错误,,,,,,
xthsb,错误,,,,,,
zzdzd,错误,,,,,,
dcnsx,错误,,,,,,
hjdwj,错误,,,,,,
qclth,正确,,,,,,
gzcnz,正确,,,,,,
bcxsb,错误,,,,,,
hzygj,正确,,,,,,
hzyzd,正确,,,,,,
grhgm,错误,,,,,,
stxjd,错误,,,,,,
dfpzd,错误,,,,,,
xwgxh,正确,,,,,,
lfwjg,正确,,,,,,
zlpsg,正确,,,,,,
ltyfb,正确,,,,,,
bjtzs,错误,,,,,,
pzdjd,错误,,,,,,
tjggz,正确,,,,,,
wfwzx,错误,,,,,,
zfwzd,正确,,,,,,
dflzj,正确,,,,,,
yzssh,错误,,,,,,
bmgdl,错误,,,,,,
wyycl,正确,,,,,,
xrhdz,错误,,,,,,
txhlx,正确,,,,,,
plhdz,错误,,,,,,
zxywz,正确,,,,,,
fkdxx,正确,,,,,,
hsqcl,错误,,,,,,
yddfw,正确,,,,,,
zsqbl,错误,,,,,,
xzzpx,正确,,,,,,
nwcpx,错误,,,,,,
